Player,VBD,Player,ADP,Year
DeMarco Murray,175,LeSean McCoy,1.8,2014
Le'Veon Bell,168,Jamaal Charles,2.7,2014
Marshawn Lynch ,146,Adrian Peterson,3.9,2014
Antonio Brown ,129,Eddie Lacy,5.9,2014
Matt Forte ,125,Matt Forte,6,2014
Arian Foster ,116,Calvin Johnson,6.4,2014
Eddie Lacy,111,Demaryius Thomas,7.2,2014
Jordy Nelson,107,Jimmy Graham,7.9,2014
Demaryius Thomas,107,Peyton Manning,9.4,2014
Dez Bryant,105,Dez Bryant,9.4,2014
Rob Gronkowski,94,Montee Ball,10.7,2014
Aaron Rodgers ,93,A.J. Green,11.8,2014
Jamaal Charles,91,DeMarco Murray,13.3,2014
Andrew Luck ,90,Julio Jones,13.6,2014
Justin Forsett,86,Brandon Marshall,14.2,2014
Odell Beckham Jr.,81,Marshawn Lynch,14.4,2014
Randall Cobb,79,Giovani Bernard,17,2014
Emmanuel Sanders ,78,Drew Brees,17.5,2014
Julio Jones ,70,Antonio Brown SUS,18.2,2014
Jeremy Maclin,69,Jordy Nelson,18.3,2014
Lamar Miller,66,Doug Martin,19.2,2014
Russell Wilson ,66,Aaron Rodgers,20.8,2014
Jeremy Hill,65,Alshon Jeffery PUP,22.4,2014
Antonio Gates,64,Andre Ellington,22.4,2014
C.J. Anderson,58,Arian Foster,24.2,2014
T.Y. Hilton,55,Randall Cobb,25.1,2014
Jimmy Graham,55,Julius Thomas,26.7,2014
Mike Evans,54,Shane Vereen,27.6,2014
Alshon Jeffery,53,Le'Veon Bell,28,2014
Player,VBD,Rob Gronkowski,28.2,2014
LeSean McCoy,52,Keenan Allen,28.9,2014
Alfred Morris ,52,Zac Stacy,32,2014
Peyton Manning,47,Reggie Bush,33.2,2014
Joique Bell,47,Vincent Jackson,33.4,2014
Greg Olsen,47,Alfred Morris,34.1,2014
Ben Roethlisberger,45,Roddy White,34.2,2014
Mark Ingram,44,Andre Johnson,35.1,2014
Martellus Bennett ,41,Cordarrelle Patterson,36.7,2014
Drew Brees,39,Rashad Jennings,38.8,2014
Golden Tate,39,Pierre Garcon,39.6,2014
Coby Fleener ,35,CJ Spiller,41.5,2014
Calvin Johnson ,32,Larry Fitzgerald,41.8,2014
DeAndre Hopkins,32,Emmanuel Sanders,42,2014
Kelvin Benjamin,32,Toby Gerhart,42.8,2014
Matt Asiata,31,Victor Cruz,43.4,2014
Julius Thomas,31,Matthew Stafford,45,2014
DeSean Jackson,30,Joique Bell,46.4,2014
Frank Gore,28,Michael Floyd,47.2,2014
Giovani Bernard,26,Percy Harvin,47.4,2014
Delanie Walker,23,Julian Edelman,47.5,2014
Mike Wallace,23,Ryan Mathews,47.9,2014
Travis Kelce,20,Michael Crabtree,48.9,2014
Torrey Smith,19,Jordan Cameron,50.4,2014
Matt Ryan,19,Andrew Luck,51.9,2014
Steve Smith,17,Ray Rice,51.9,2014
Chris Ivory,15,T.Y. Hilton,54.7,2014
Tom Brady ,14,Frank Gore,54.8,2014
Anquan Boldin,13,Pierre Thomas,55.1,2014
Brandon LaFell,13,Torrey Smith,55.3,2014
A.J. Green,13,Ben Tate,57.5,2014
Player,VBD,Tom Brady,57.6,2014
Ryan Tannehill,13,Chris Johnson,60.3,2014
Andre Ellington,12,DeSean Jackson,60.7,2014
Jordan Matthews,12,Kendall Wright,62.8,2014
Jason Witten,10,Jeremy Maclin,64,2014
Sammy Watkins,10,Vernon Davis,64.7,2014
Julian Edelman,9,Matt Ryan,65.2,2014
Roddy White,9,Bishop Sankey,65.3,2014
Eli Manning,4,Marques Colston,66,2014
Andre Williams,4,Jason Witten,68.3,2014
Heath Miller,4,Wes Welker,69.2,2014
Fred Jackson,3,Danny Woodhead,69.6,2014
Eric Decker,3,Maurice Jones-Drew,70.8,2014
Steven Jackson,2,Trent Richardson,71.6,2014
Jonathan Stewart,2,Brandin Cooks,72.1,2014
Tony Romo ,1,Nick Foles,74.1,2014
Antonio Brown ,126,Adrian Peterson,1.8,2015
Devonta Freeman ,120,Antonio Brown SUS,2.5,2015
Julio Jones ,111,Le'Veon Bell,3.1,2015
Adrian Peterson,107,Eddie Lacy,4,2015
Cam Newton,106,Jamaal Charles,4.5,2015
Brandon Marshall,106,Julio Jones,6.2,2015
Allen Robinson,100,Dez Bryant,7.6,2015
Odell Beckham Jr.,99,Marshawn Lynch,8.6,2015
Rob Gronkowski,96,Demaryius Thomas,9.1,2015
DeAndre Hopkins,96,Rob Gronkowski,10.3,2015
Doug Martin ,76,CJ Anderson,10.7,2015
Gary Barnidge,71,Odell Beckham Jr.,11.4,2015
Jordan Reed,70,Calvin Johnson,13.1,2015
DeAngelo Williams,68,Matt Forte,13.7,2015
Doug Baldwin ,67,Jeremy Hill,14.4,2015
Todd Gurley,66,Randall Cobb,15.9,2015
A.J. Green,63,A.J. Green,16.7,2015
Greg Olsen,63,Andrew Luck,16.9,2015
Delanie Walker,63,DeMarco Murray,17.6,2015
Lamar Miller,62,Justin Forsett,19.3,2015
Tom Brady ,59,Brandin Cooks,20.6,2015
Russell Wilson ,57,Lamar Miller PUP,22.3,2015
Tyler Eifert,52,T.Y. Hilton,22.8,2015
David Johnson,51,LeSean McCoy,24.4,2015
Matt Forte ,49,Jordan Matthews,24.4,2015
Chris Ivory,49,Alshon Jeffery PUP,26.1,2015
Calvin Johnson ,49,Aaron Rodgers,27.1,2015
Eric Decker,48,Frank Gore,27.7,2015
Larry Fitzgerald,47,DeAndre Hopkins,28.7,2015
Player,VBD,Mike Evans,30,2015
Brandin Cooks,45,Mark Ingram II,31,2015
Latavius Murray,41,Emmanuel Sanders,31.9,2015
Demaryius Thomas,40,Latavius Murray,33.3,2015
Danny Woodhead,40,Jimmy Graham,33.5,2015
Blake Bortles ,39,Davante Adams,34.6,2015
Allen Hurns,39,Jarvis Landry,36.6,2015
Frank Gore,36,Arian Foster,37.5,2015
Jarvis Landry,35,Andre Johnson,37.7,2015
Sammy Watkins,34,Doug Martin,38,2015
Jeremy Hill,34,Jeremy Maclin,38.8,2015
Darren McFadden,32,Amari Cooper,40.8,2015
Jeremy Maclin,32,Ameer Abdullah,41.5,2015
Travis Kelce,30,Julian Edelman,41.9,2015
Mark Ingram,30,Golden Tate,43.5,2015
Ben Watson,29,Andre Ellington,43.7,2015
Carson Palmer,24,Carlos Hyde,44.7,2015
Emmanuel Sanders ,24,Greg Olsen,45.1,2015
Jonathan Stewart,24,Chris Ivory,47.6,2015
LeSean McCoy,23,Alfred Morris,48.2,2015
Michael Crabtree,22,Keenan Allen,48.7,2015
Jordan Matthews,21,Brandon Marshall,50.5,2015
Drew Brees,21,Travis Kelce,50.6,2015
Aaron Rodgers ,20,Melvin Gordon III,51.8,2015
John Brown,18,Jonathan Stewart,53,2015
T.Y. Hilton,18,Allen Robinson II,53.5,2015
DeMarco Murray,17,Peyton Manning,54.9,2015
James Jones,17,Joseph Randle,56.6,2015
Amari Cooper,16,Nelson Agholor,56.6,2015
Tavon Austin,16,Drew Brees,56.8,2015
Ted Ginn Jr.,16,CJ Spiller,57.9,2015
Player,VBD,Todd Gurley II,60.2,2015
Richard Rodgers ,15,Martellus Bennett,60.3,2015
Ronnie Hillman,14,Charles Johnson,61.6,2015
Rashad Jennings,13,Sammy Watkins,62.5,2015
Mike Evans,12,T.J. Yeldon,63.1,2015
Kirk Cousins ,10,Ben Roethlisberger,63.8,2015
Giovani Bernard,9,John Brown,64.3,2015
Zach Ertz,8,Tom Brady,67,2015
Matthew Stafford,7,Martavis Bryant SUS,67.2,2015
Charles Sims,6,LeGarrette Blount,68.5,2015
Antonio Gates,6,Russell Wilson,68.7,2015
Jeremy Langford,4,Danny Woodhead,69,2015
Travis Benjamin,3,Vincent Jackson,70.1,2015
Rueben Randle ,3,Steve Smith,72.1,2015
Eli Manning,2,DeSean Jackson,74,2015
Philip Rivers,1,Giovani Bernard,75.5,2015
David Johnson,196,Antonio Brown SUS,1.2,2016
Ezekiel Elliott,162,Julio Jones,2.8,2016
LeSean McCoy,117,Odell Beckham Jr.,3.4,2016
Aaron Rodgers ,114,David Johnson,3.4,2016
DeMarco Murray,111,Todd Gurley II,6.3,2016
Le'Veon Bell,111,A.J. Green,6.4,2016
Devonta Freeman ,101,DeAndre Hopkins,6.4,2016
LeGarrette Blount,94,Ezekiel Elliott,8.3,2016
Matt Ryan,88,Allen Robinson II,9.2,2016
Mike Evans,82,Lamar Miller PUP,9.8,2016
Jordy Nelson,82,Adrian Peterson,10.7,2016
Antonio Brown ,81,Le'Veon Bell,12.3,2016
Melvin Gordon,78,Brandon Marshall,13,2016
Jordan Howard,70,Keenan Allen,13.8,2016
Odell Beckham Jr.,69,Rob Gronkowski,14.2,2016
Drew Brees,68,Mike Evans,15.7,2016
Mark Ingram,67,Dez Bryant,16.4,2016
T.Y. Hilton,59,Jordy Nelson,17.3,2016
Jay Ajayi,57,Devonta Freeman,19.2,2016
Julio Jones ,53,Jamaal Charles,19.4,2016
Travis Kelce,49,Amari Cooper,20.1,2016
Davante Adams,48,LeSean McCoy,22,2016
Frank Gore,45,Alshon Jeffery PUP,22.1,2016
Latavius Murray,44,Brandin Cooks,23.3,2016
Brandin Cooks,42,Eddie Lacy,24,2016
Greg Olsen,42,Mark Ingram II,25.5,2016
Andrew Luck ,42,Jarvis Landry,26.9,2016
Kyle Rudolph ,39,Sammy Watkins,28.3,2016
Kirk Cousins ,38,T.Y. Hilton,29.4,2016
Player,VBD,Demaryius Thomas,29.7,2016
Michael Thomas,38,Doug Martin,30.8,2016
Doug Baldwin ,35,Randall Cobb,31.5,2016
Jimmy Graham,35,CJ Anderson,33.2,2016
Delanie Walker,34,Cam Newton,34.5,2016
Isaiah Crowell,34,Jordan Reed,35.1,2016
Carlos Hyde,34,Julian Edelman,35.1,2016
Spencer Ware,29,Latavius Murray,35.8,2016
Lamar Miller,29,Jeremy Maclin,37.3,2016
Tevin Coleman,29,Donte Moncrief,38.4,2016
Michael Crabtree,26,Aaron Rodgers,38.7,2016
Amari Cooper,25,Kelvin Benjamin,39.2,2016
Dak Prescott ,25,DeMarco Murray,40.3,2016
Cameron Brate,25,Thomas Rawls,41,2016
Martellus Bennett ,24,Matt Forte,43.1,2016
Jeremy Hill,24,Golden Tate,43.6,2016
Todd Gurley,24,Eric Decker,44.9,2016
Rishard Matthews,22,Carlos Hyde,45.7,2016
Matt Forte ,22,Jeremy Langford,47.1,2016
Tyrell Williams,22,Greg Olsen,48.4,2016
Zach Ertz,16,Doug Baldwin,48.8,2016
Jordan Reed,15,Jeremy Hill,49.1,2016
Matthew Stafford,14,Josh Gordon SUS,49.8,2016
Bilal Powell,13,Michael Floyd,52.3,2016
Terrelle Pryor,12,Russell Wilson,53.2,2016
Tyreek Hill,12,Melvin Gordon III,53.7,2016
Jarvis Landry,11,Danny Woodhead,53.7,2016
Larry Fitzgerald,11,Marvin Jones Jr.,56.2,2016
Demaryius Thomas,10,Arian Foster,57.4,2016
Kelvin Benjamin,8,Giovani Bernard,57.7,2016
Dez Bryant,8,Andrew Luck,58.3,2016
Player,VBD,Larry Fitzgerald,60.2,2016
Emmanuel Sanders ,7,Ryan Mathews,60.4,2016
Jonathan Stewart,7,Drew Brees,61.1,2016
Hunter Henry ,7,Jonathan Stewart,62.8,2016
Julian Edelman,6,Delanie Walker,64,2016
Golden Tate,6,Jordan Matthews,64.2,2016
Antonio Gates,6,Travis Kelce,64.3,2016
Terrance West ,5,Allen Hurns,65.5,2016
Mike Wallace,5,Duke Johnson,66.9,2016
Tyrod Taylor ,3,Tom Brady,68.5,2016
Derek Carr,3,DeAngelo Williams,69.1,2016
Blake Bortles ,2,Emmanuel Sanders,70.6,2016
Russell Wilson ,2,Ben Roethlisberger,72,2016
Kenny Britt,2,Coby Fleener,72.7,2016
Todd Gurley,192,David Johnson,1.3,2017
Le'Veon Bell,130,Le'Veon Bell,2.3,2017
Kareem Hunt,115,Antonio Brown SUS,3.7,2017
Alvin Kamara,112,Julio Jones,5.7,2017
Melvin Gordon,103,Ezekiel Elliott,6.2,2017
DeAndre Hopkins,103,Odell Beckham Jr.,6.4,2017
Antonio Brown ,98,Devonta Freeman,7,2017
Mark Ingram,93,LeSean McCoy,7.8,2017
Russell Wilson ,93,Mike Evans,7.9,2017
LeSean McCoy,78,A.J. Green,10,2017
Rob Gronkowski,77,Melvin Gordon III,10.1,2017
Travis Kelce,69,Jordy Nelson,11.4,2017
Leonard Fournette ,67,Michael Thomas,13.3,2017
Keenan Allen,65,Jay Ajayi,13.8,2017
Tyreek Hill,59,DeMarco Murray,15.2,2017
Marvin Jones ,53,Jordan Howard,16.8,2017
Julio Jones ,53,Brandin Cooks,17.1,2017
Ezekiel Elliott,50,Rob Gronkowski,18.1,2017
Jordan Howard,50,Kareem Hunt,18.7,2017
Carlos Hyde,48,Todd Gurley II,19.4,2017
Zach Ertz,47,Dez Bryant,20.5,2017
Brandin Cooks,45,Amari Cooper,21.3,2017
Cam Newton,44,Doug Baldwin,22.4,2017
Dion Lewis,44,Christian McCaffrey,22.9,2017
Michael Thomas,44,Aaron Rodgers,23.4,2017
Larry Fitzgerald,41,Keenan Allen,25.8,2017
A.J. Green,41,Leonard Fournette,27,2017
Tom Brady ,41,Dalvin Cook,27.5,2017
Alex Smith,40,T.Y. Hilton,28.8,2017
Player,VBD,Tom Brady,29.6,2017
Adam Thielen,38,Isaiah Crowell,29.8,2017
Davante Adams,38,Terrelle Pryor,30.2,2017
Doug Baldwin ,37,DeAndre Hopkins,31.7,2017
Devonta Freeman ,37,Ty Montgomery,32.6,2017
Jarvis Landry,37,Demaryius Thomas,34.5,2017
Jimmy Graham,32,Lamar Miller PUP,35.2,2017
Lamar Miller,30,Carlos Hyde,35.2,2017
JuJu Smith-Schuster,29,Marshawn Lynch,36.4,2017
Alshon Jeffery,28,Kelvin Benjamin,38.6,2017
Evan Engram ,28,Travis Kelce,38.9,2017
Carson Wentz ,26,Alshon Jeffery PUP,39.1,2017
Robby Anderson,26,Martavis Bryant SUS,40.9,2017
Stefon Diggs,23,Drew Brees,41.7,2017
Kirk Cousins ,22,Joe Mixon,42.5,2017
Christian McCaffrey ,22,Michael Crabtree,43.7,2017
Golden Tate,22,Davante Adams,44.9,2017
Mike Evans,21,Tyreek Hill,45.5,2017
Devin Funchess,21,Golden Tate,47.8,2017
Alex Collins,21,Larry Fitzgerald,48.4,2017
C.J. Anderson,20,Bilal Powell,48.6,2017
Kyle Rudolph ,19,Doug Martin,49,2017
Delanie Walker,19,CJ Anderson,51.4,2017
Matthew Stafford,18,Greg Olsen,51.5,2017
Frank Gore,18,DeVante Parker,51.9,2017
Marshawn Lynch ,17,Ameer Abdullah,53,2017
Latavius Murray,15,Jordan Reed,54.1,2017
Philip Rivers,15,Stefon Diggs,54.8,2017
Duke Johnson,15,Matt Ryan,56.4,2017
Nelson Agholor,15,Allen Robinson II,57,2017
Tevin Coleman,14,Mark Ingram II,57.6,2017
Player,VBD,Jimmy Graham,57.6,2017
Cameron Brate,13,Jamison Crowder,61.2,2017
Demaryius Thomas,12,Danny Woodhead,61.7,2017
T.Y. Hilton,8,Jarvis Landry,64,2017
Drew Brees,7,Russell Wilson,64.3,2017
Jack Doyle,7,Brandon Marshall,65.2,2017
Dez Bryant,6,Mike Gillislee,65.3,2017
Kenny Stills,6,Pierre Garcon,66.4,2017
Ben Roethlisberger,5,Rob Kelley,67,2017
Dak Prescott ,5,Adrian Peterson,69.9,2017
DeMarco Murray,5,Sammy Watkins,70,2017
Cooper Kupp,4,Tyler Eifert,70.4,2017
Michael Crabtree,3,Zach Ertz,72.8,2017
Todd Gurley,178,Todd Gurley II,1.3,2018
Saquon Barkley,159,Le'Veon Bell,3.1,2018
Christian McCaffrey ,143,David Johnson,3.3,2018
Alvin Kamara,138,Ezekiel Elliott,4.6,2018
Patrick Mahomes ,134,Antonio Brown SUS,4.7,2018
Tyreek Hill,131,Alvin Kamara,5.7,2018
Ezekiel Elliott,117,Saquon Barkley,6.9,2018
Travis Kelce,109,Leonard Fournette,8.8,2018
Antonio Brown ,103,Melvin Gordon III,9.3,2018
Davante Adams,102,DeAndre Hopkins,9.5,2018
DeAndre Hopkins,102,Kareem Hunt,11,2018
Julio Jones ,97,Odell Beckham Jr.,11.5,2018
Melvin Gordon,90,Christian McCaffrey,12.6,2018
James Conner,90,Julio Jones,14.3,2018
George Kittle,88,Dalvin Cook,15.1,2018
Mike Evans,82,Michael Thomas,16.2,2018
Zach Ertz,81,Keenan Allen,17.6,2018
Adam Thielen,78,Davante Adams,18.1,2018
Michael Thomas,74,Devonta Freeman,19.5,2018
Eric Ebron,73,Jordan Howard,20,2018
Matt Ryan,71,A.J. Green,21.3,2018
JuJu Smith-Schuster,70,Rob Gronkowski,21.5,2018
Kareem Hunt,69,Joe Mixon,22.8,2018
Joe Mixon,65,Tyreek Hill,24,2018
Robert Woods,63,Mike Evans,25.5,2018
David Johnson,61,Stefon Diggs,25.6,2018
Ben Roethlisberger,58,T.Y. Hilton,27,2018
James White ,54,Royce Freeman,27.8,2018
Phillip Lindsay,52,Travis Kelce,28.2,2018
Player,VBD,LeSean McCoy,29.8,2018
Derrick Henry ,51,Aaron Rodgers,30,2018
Deshaun Watson ,49,Alex Collins,30.9,2018
Tyler Lockett,49,Amari Cooper,31,2018
Stefon Diggs,48,Kenyan Drake,32,2018
Brandin Cooks,47,Adam Thielen,33.5,2018
Keenan Allen,47,Larry Fitzgerald,35.2,2018
T.Y. Hilton,47,Lamar Miller PUP,36.6,2018
Chris Carson,46,Doug Baldwin,38.4,2018
Andrew Luck ,44,Zach Ertz,38.9,2018
Jared Cook,43,Jarvis Landry,39,2018
Nick Chubb,39,JuJu Smith-Schuster,39.4,2018
Odell Beckham Jr.,37,Derrick Henry,41,2018
Adrian Peterson,34,Chris Hogan,42.1,2018
Aaron Rodgers ,30,Jay Ajayi,44,2018
Tyler Boyd,29,Josh Gordon SUS,44.1,2018
Jared Goff,28,Golden Tate,45.5,2018
Tarik Cohen,27,Deshaun Watson,46.5,2018
Calvin Ridley,26,Mark Ingram II,47.2,2018
Tevin Coleman,26,Demaryius Thomas,47.3,2018
Marlon Mack,26,Marquise Goodwin,48.3,2018
Jordan Howard,25,Jimmy Graham,48.4,2018
Amari Cooper,24,Tom Brady,50.9,2018
Drew Brees,21,Carlos Hyde,51.6,2018
Mike Williams ,21,Brandin Cooks,52,2018
Kenny Golladay,21,Marshawn Lynch,52.5,2018
Jarvis Landry,20,Allen Robinson II,53.6,2018
Kenyan Drake,18,Dion Lewis,55.1,2018
Julian Edelman,17,Jamaal Williams,56.7,2018
Russell Wilson ,16,Greg Olsen,57.1,2018
Lamar Miller,12,Emmanuel Sanders,57.9,2018
Player,VBD,Russell Wilson,61,2018
Emmanuel Sanders ,11,Corey Davis PUP,61.2,2018
Trey Burton,10,Marvin Jones Jr.,61.9,2018
Aaron Jones,10,Kerryon Johnson,62.9,2018
Chris Godwin,10,Trey Burton,63.4,2018
Austin Hooper,9,Rex Burkhead,64.9,2018
David Njoku ,5,Drew Brees,65.9,2018
Kyle Rudolph ,4,Julian Edelman,67.1,2018
Alshon Jeffery,4,Chris Carson,67.2,2018
O.J. Howard ,4,Peyton Barber,68.5,2018
Dak Prescott ,3,Cam Newton,69.4,2018
Philip Rivers,2,Evan Engram,69.6,2018
Corey Davis ,2,Michael Crabtree,70.9,2018
Rob Gronkowski,1,Will Fuller V,73.2,2018
Christian McCaffrey ,215,Saquon Barkley,1.4,2019
Lamar Jackson,152,Alvin Kamara,2.5,2019
Derrick Henry ,136,Christian McCaffrey,3.2,2019
Aaron Jones,125,Ezekiel Elliott,3.9,2019
Ezekiel Elliott,117,Davante Adams,6.4,2019
Dalvin Cook,99,DeAndre Hopkins,7,2019
Michael Thomas,97,James Conner,7.1,2019
Travis Kelce,80,David Johnson,7.1,2019
Nick Chubb,79,Le'Veon Bell,8.8,2019
Austin Ekeler,76,Julio Jones,10.2,2019
Mark Ingram,76,Michael Thomas,10.4,2019
Dak Prescott ,74,Nick Chubb,11.7,2019
Mark Andrews,66,JuJu Smith-Schuster,12.9,2019
Russell Wilson ,65,Tyreek Hill,13.9,2019
Chris Godwin,61,Dalvin Cook,14.6,2019
George Kittle,61,Odell Beckham Jr.,15.1,2019
Deshaun Watson ,56,Todd Gurley II,16,2019
Chris Carson,55,Travis Kelce,17.1,2019
Darren Waller,54,Joe Mixon,18.4,2019
Kenny Golladay,54,Patrick Mahomes,19.3,2019
Saquon Barkley,52,Mike Evans,20.2,2019
Zach Ertz,51,Antonio Brown SUS,21.4,2019
Joe Mixon,50,Adam Thielen,22.9,2019
Todd Gurley,48,Leonard Fournette,23.2,2019
Jared Cook,48,Keenan Allen,25,2019
Cooper Kupp,47,Damien Williams,25.5,2019
Julio Jones ,46,Chris Carson,26.5,2019
DeVante Parker,45,George Kittle,28.3,2019
Leonard Fournette ,43,Kerryon Johnson,28.5,2019
Player,VBD,Aaron Jones,29.2,2019
Jameis Winston,42,Devonta Freeman,30.4,2019
Austin Hooper,40,Stefon Diggs,30.8,2019
Amari Cooper,38,David Montgomery,31.3,2019
Mike Evans,37,Josh Jacobs,33.1,2019
A.J. Brown,36,Amari Cooper,33.1,2019
DeAndre Hopkins,35,Zach Ertz,33.5,2019
Josh Jacobs,31,Julian Edelman,36.1,2019
Keenan Allen,28,Sony Michel PUP,37.4,2019
Miles Sanders ,28,Brandin Cooks,39.1,2019
Allen Robinson,28,Mark Ingram II,39.7,2019
Julian Edelman,27,Chris Godwin,39.9,2019
Alvin Kamara,27,Melvin Gordon III,42,2019
Marlon Mack,27,Robert Woods,42.2,2019
Jarvis Landry,25,Tyler Lockett,42.9,2019
Josh Allen ,25,Derrick Henry,43.8,2019
Tyler Lockett,24,Cooper Kupp,45.2,2019
DJ Chark,24,Marlon Mack,46.5,2019
Kenyan Drake,24,Deshaun Watson,47.1,2019
Patrick Mahomes ,23,Kenny Golladay,47.1,2019
Phillip Lindsay,22,James White,48.1,2019
Kyler Murray ,22,T.Y. Hilton,49,2019
Courtland Sutton,21,Tyler Boyd,51.5,2019
Stefon Diggs,20,Duke Johnson,51.7,2019
John Brown,19,Josh Gordon SUS,52.1,2019
Hunter Henry ,18,Calvin Ridley,53.5,2019
Michael Gallup,18,O.J. Howard,54.1,2019
Aaron Rodgers ,15,Phillip Lindsay,55.6,2019
Tyler Higbee,15,Aaron Rodgers,55.7,2019
D.J. Moore,14,Evan Engram,57.3,2019
Robert Woods,14,Tevin Coleman,57.7,2019
Player,VBD,Miles Sanders,59,2019
Carson Wentz ,12,Mike Williams,60.3,2019
Raheem Mostert,11,Austin Ekeler,61.7,2019
Dallas Goedert,10,Dede Westbrook,62.7,2019
Le'Veon Bell,8,Baker Mayfield,63.2,2019
Mike Gesicki,8,Hunter Henry,63.3,2019
Calvin Ridley,5,A.J. Green,63.8,2019
David Montgomery,5,Jarvis Landry,64.8,2019
Terry McLaurin ,5,D.J. Moore,67.2,2019
Tyler Boyd,4,Matt Ryan,69.2,2019
Matt Ryan,4,Derrius Guice,69.8,2019
Deebo Samuel,3,Lamar Miller PUP,70.4,2019
Marvin Jones ,3,Jared Cook,70.6,2019
Carlos Hyde,3,Tarik Cohen,71,2019
Tyreek Hill,1,Alshon Jeffery PUP,71.9,2019
Jamaal Charles,182,Adrian Peterson,1.2,2013
Peyton Manning,153,Jamaal Charles,3.2,2013
LeSean McCoy,152,Doug Martin,3.6,2013
Matt Forte,139,Arian Foster,3.8,2013
Marshawn Lynch,113,Calvin Johnson,5.6,2013
Knowshon Moreno,110,C.J. Spiller,6.3,2013
Demaryius Thomas,107,Ray Rice,7.4,2013
Josh Gordon,106,Marshawn Lynch,7.6,2013
Calvin Johnson,99,LeSean McCoy,8.2,2013
Drew Brees,97,Trent Richardson,8.3,2013
Jimmy Graham,96,Alfred Morris,12.5,2013
A.J. Green,87,Matt Forte,12.7,2013
Brandon Marshall,84,Dez Bryant,13.7,2013
Dez Bryant,82,Jimmy Graham,14.3,2013
Eddie Lacy,81,Chris Johnson,15.5,2013
DeMarco Murray,79,Steven Jackson,16,2013
Adrian Peterson,77,A.J. Green,17.2,2013
Antonio Brown,77,Reggie Bush,17.5,2013
Alshon Jeffery,73,Brandon Marshall,19.3,2013
Vernon Davis,72,Stevan Ridley,19.4,2013
Chris Johnson,72,Maurice Jones-Drew,19.7,2013
Eric Decker,71,Julio Jones,22,2013
DeSean Jackson,70,David Wilson,25.1,2013
Julius Thomas,62,Demaryius Thomas,25.5,2013
Fred Jackson,61,Frank Gore,26.2,2013
Reggie Bush,59,DeMarco Murray,26.6,2013
Ryan Mathews,58,Larry Fitzgerald,27.9,2013
Jordy Nelson,58,Darren Sproles,28,2013
Andre Johnson,49,Lamar Miller,28.9,2013
Player,VBD,Randall Cobb,30.5,2013
Frank Gore,49,Drew Brees,30.7,2013
Tony Gonzalez,47,Aaron Rodgers,31.8,2013
Le'Veon Bell,46,Darren McFadden,32.6,2013
Jordan Cameron,45,Rob Gronkowski,33.7,2013
Pierre Garcon,45,Andre Johnson,34.2,2013
Jason Witten,44,Roddy White,34.4,2013
Alfred Morris,43,Eddie Lacy,37.3,2013
Vincent Jackson,43,Victor Cruz,38.8,2013
Giovani Bernard,41,Vincent Jackson,41,2013
Anquan Boldin,39,Peyton Manning,42.2,2013
Joique Bell,37,Dwayne Bowe,43.4,2013
Cam Newton,37,Montee Ball,43.9,2013
Andrew Luck,36,Jason Witten,44.8,2013
Larry Fitzgerald,34,Vernon Davis,45.3,2013
Zac Stacy,31,Danny Amendola,45.7,2013
Charles Clay,31,Ryan Mathews,45.7,2013
Andy Dalton,29,Marques Colston,47.2,2013
Greg Olsen,29,Wes Welker,47.4,2013
Keenan Allen,27,Giovani Bernard,48.1,2013
Philip Rivers,27,Reggie Wayne,50.5,2013
Julian Edelman,25,Chris Ivory,52.5,2013
Matthew Stafford,24,Ahmad Bradshaw,52.6,2013
Danny Woodhead,21,Daryl Richardson,54.2,2013
Antonio Gates,18,Shane Vereen,54.4,2013
Maurice Jones-Drew,18,Tony Gonzalez,56,2013
Riley Cooper,18,Pierre Garcon,56.1,2013
T.Y. Hilton,17,Hakeem Nicks,57.3,2013
Torrey Smith,17,Tom Brady,57.4,2013
Wes Welker,16,Cam Newton,58.3,2013
Marvin Jones,16,Jordy Nelson,59.9,2013
Player,VBD,Matt Ryan,61.1,2013
Martellus Bennett,15,Antonio Brown,62.8,2013
Michael Floyd,14,Torrey Smith,63.7,2013
Rashad Jennings,12,Rashard Mendenhall,64.5,2013
Russell Wilson,11,DeAngelo Williams,65.9,2013
DeAngelo Williams,11,Eric Decker,66.6,2013
Pierre Thomas,10,Matthew Stafford,70.4,2013
Jared Cook,8,DeSean Jackson,71.7,2013
Mike Wallace,7,Colin Kaepernick,72.1,2013
Nick Foles,5,Mike Wallace,73,2013
Delanie Walker,4,Kyle Rudolph,73.2,2013
Tony Romo,4,Mark Ingram,75.5,2013
Brian Hartline,4,Steve Smith,75.6,2013
Colin Kaepernick,3,BenJarvus Green-Ellis,75.9,2013
Marques Colston,3,Jermichael Finley,78.1,2013
Golden Tate,1,James Jones,78.5,2013
Adrian Peterson,177,Arian Foster,1.4,2012
Doug Martin,132,Ray Rice,1.9,2012
Arian Foster,132,Aaron Rodgers,3.4,2012
Marshawn Lynch,116,Calvin Johnson,4.8,2012
Alfred Morris,111,LeSean McCoy,4.8,2012
Calvin Johnson,102,Tom Brady,6.1,2012
Brandon Marshall,98,Darren McFadden,6.4,2012
Drew Brees,95,Chris Johnson,8.1,2012
Aaron Rodgers,93,Matt Forte,10.2,2012
Ray Rice,92,DeMarco Murray,11.2,2012
Tom Brady,90,Drew Brees,12.3,2012
Dez Bryant,89,Julio Jones,14.3,2012
A.J. Green,84,Maurice Jones-Drew,14.4,2012
C.J. Spiller,82,Jamaal Charles,16.1,2012
Demaryius Thomas,79,Rob Gronkowski,16.5,2012
Jamaal Charles,74,Fred Jackson,18.6,2012
Trent Richardson,73,Ryan Mathews,19.9,2012
Cam Newton,73,Larry Fitzgerald,20.8,2012
Vincent Jackson,70,Steven Jackson,21.1,2012
Stevan Ridley,69,Brandon Marshall,22.3,2012
Andre Johnson,67,Matthew Stafford,22.7,2012
Robert Griffin III,67,Doug Martin,22.9,2012
Frank Gore,66,Darren Sproles,24.5,2012
Eric Decker,66,Trent Richardson,26.1,2012
Julio Jones,64,A.J. Green,26.2,2012
Peyton Manning,60,Cam Newton,27,2012
Roddy White,59,Andre Johnson,27.1,2012
Jimmy Graham,56,Roddy White,30.2,2012
Matt Ryan,54,Greg Jennings,30.8,2012
Player,VBD,Wes Welker,31.8,2012
Wes Welker,53,Victor Cruz,33.8,2012
Marques Colston,53,Ahmad Bradshaw,34.4,2012
Victor Cruz,51,Jordy Nelson,38.9,2012
Rob Gronkowski,47,Hakeem Nicks,40.9,2012
Matt Forte,47,Reggie Bush,41.7,2012
Michael Crabtree,47,BenJarvus Green-Ellis,42.7,2012
Tony Gonzalez,45,Percy Harvin,44.2,2012
Chris Johnson,45,Dez Bryant,44.4,2012
Reggie Wayne,45,Matt Ryan,46.4,2012
James Jones,44,Antonio Brown,47.4,2012
Reggie Bush,41,Marques Colston,49.6,2012
Shonn Greene,37,Eric Decker,53.5,2012
Mike Williams,36,Steve Smith,54.2,2012
Heath Miller,36,Peyton Hillis,54.7,2012
Steven Jackson,32,Donald Brown,54.9,2012
Tony Romo,28,Michael Vick,55.2,2012
Russell Wilson,27,Eli Manning,57.3,2012
Michael Turner,26,Brandon Lloyd,58,2012
Jason Witten,26,Shonn Greene,59.6,2012
Andrew Luck,26,Mike Wallace,60.1,2012
Ahmad Bradshaw,26,DeSean Jackson,64.8,2012
Matthew Stafford,25,Kevin Smith,65.5,2012
Randall Cobb,24,Demaryius Thomas,65.7,2012
Steve Smith,24,Peyton Manning,67.5,2012
Lance Moore,22,Torrey Smith,68.1,2012
BenJarvus Green-Ellis,21,Jeremy Maclin,71.6,2012
Steve Johnson,20,Dwayne Bowe,71.7,2012
Cecil Shorts,19,Ryan Williams,72,2012
Aaron Rodgers,171,Adrian Peterson,1.7,2011
Drew Brees,167,Ray Rice,2.3,2011
Ray Rice,152,Chris Johnson,2.7,2011
Calvin Johnson,151,Arian Foster,4.2,2011
Cam Newton,147,Jamaal Charles,5.3,2011
Rob Gronkowski,143,LeSean McCoy,5.5,2011
Tom Brady,142,Andre Johnson,7.1,2011
LeSean McCoy,134,Michael Vick,8.9,2011
Matthew Stafford,119,Roddy White,9.9,2011
Maurice Jones-Drew,115,Calvin Johnson,11,2011
Arian Foster,108,Maurice Jones-Drew,11.3,2011
Jordy Nelson,100,Darren McFadden,12.1,2011
Jimmy Graham,99,Rashard Mendenhall,12.1,2011
Wes Welker,98,Larry Fitzgerald,12.9,2011
Victor Cruz,92,Aaron Rodgers,13.5,2011
Larry Fitzgerald,73,Hakeem Nicks,17,2011
Steve Smith,73,Vincent Jackson,17.6,2011
Marshawn Lynch,71,Frank Gore,18.4,2011
Michael Turner,68,Matt Forte,18.4,2011
Percy Harvin,63,Greg Jennings,21.2,2011
Roddy White,62,Steven Jackson,21.2,2011
Eli Manning,60,Michael Turner,22.3,2011
Mike Wallace,57,Mike Wallace,23.4,2011
Vincent Jackson,54,Tom Brady,23.5,2011
Tony Romo,53,Miles Austin,25.7,2011
Matt Ryan,53,Peyton Hillis,26.2,2011
Marques Colston,46,Philip Rivers,27.1,2011
Hakeem Nicks,45,Reggie Wayne,28.3,2011
Brandon Marshall,45,Felix Jones,28.3,2011
Player,VBD,LeGarrette Blount,30.8,2011
Ryan Mathews,42,DeSean Jackson,31.1,2011
Adrian Peterson,40,Wes Welker,32.3,2011
Aaron Hernandez,40,Drew Brees,33.5,2011
Michael Bush,39,Jahvid Best,33.7,2011
Darren Sproles,39,Brandon Marshall,34.1,2011
A.J. Green,37,Ahmad Bradshaw,34.4,2011
Philip Rivers,36,Antonio Gates,37.9,2011
Laurent Robinson,36,Dwayne Bowe,38.8,2011
Steven Jackson,35,Shonn Greene,39.4,2011
Nate Washington,35,Dez Bryant,39.8,2011
Frank Gore,34,Mike Williams,42.1,2011
Julio Jones,33,Jermichael Finley,42.9,2011
Greg Jennings,33,DeAngelo Williams,43.9,2011
Tony Gonzalez,32,Jason Witten,45.5,2011
Reggie Bush,32,Brandon Lloyd,46.3,2011
Dez Bryant,31,Knowshon Moreno,46.6,2011
Dwayne Bowe,31,Tony Romo,47.6,2011
Jermichael Finley,29,Steve Johnson,47.9,2011
Jason Witten,27,Mark Ingram,48.7,2011
Mark Sanchez,26,Santonio Holmes,49.5,2011
Steve Johnson,26,Ryan Mathews,52.1,2011
Fred Jackson,25,Marques Colston,52.2,2011
Matt Forte,24,Anquan Boldin,52.8,2011
Antonio Gates,22,Tim Hightower,53.5,2011
Chris Johnson,22,Dallas Clark,54.2,2011
Beanie Wells,21,Mario Manningham,54.3,2011
Pierre Garcon,17,Beanie Wells,56.8,2011
Vernon Davis,17,Vernon Davis,57,2011
Shonn Greene,14,Percy Harvin,59.7,2011
Torrey Smith,14,Ryan Grant,62.1,2011
Arian Foster,192,Chris Johnson,1.4,2010
Peyton Hillis,106,Adrian Peterson,2.3,2010
Adrian Peterson,104,Ray Rice,3.2,2010
Jamaal Charles,103,Maurice Jones-Drew,4.7,2010
Chris Johnson,95,Andre Johnson,4.8,2010
Brandon Lloyd,92,Frank Gore,6.2,2010
Dwayne Bowe,89,Aaron Rodgers,7.8,2010
Darren McFadden,88,Randy Moss,8.1,2010
Roddy White,86,Michael Turner,9.1,2010
Michael Vick,85,Reggie Wayne,11.2,2010
Rashard Mendenhall,84,Steven Jackson,11.3,2010
LeSean McCoy,83,Calvin Johnson,12.3,2010
Greg Jennings,81,Drew Brees,13.2,2010
Matt Forte,80,Miles Austin,13.9,2010
Michael Turner,80,Roddy White,14.8,2010
Ray Rice,76,Ryan Mathews,15.4,2010
Aaron Rodgers,75,Brandon Marshall,17.3,2010
Mike Wallace,72,Larry Fitzgerald,19,2010
Calvin Johnson,72,Rashard Mendenhall,19.2,2010
Tom Brady,70,Greg Jennings,20.4,2010
Ahmad Bradshaw,67,Peyton Manning,20.6,2010
Maurice Jones-Drew,66,DeAngelo Williams,22.3,2010
Steven Jackson,60,DeSean Jackson,24.7,2010
Jason Witten,60,Jamaal Charles,24.9,2010
Philip Rivers,58,Marques Colston,25.7,2010
Peyton Manning,57,Shonn Greene,26.8,2010
Reggie Wayne,54,Tom Brady,26.9,2010
Hakeem Nicks,54,Wes Welker,27.4,2010
Andre Johnson,53,Ryan Grant,29.4,2010
Player,VBD,Anquan Boldin,30.8,2010
Steve Johnson,50,Steve Smith,32.1,2010
BenJarvus Green-Ellis,49,Pierre Thomas,32.1,2010
Mike Williams,45,Cedric Benson,33,2010
Miles Austin,44,Matt Schaub,35.1,2010
Jeremy Maclin,43,LeSean McCoy,35.3,2010
Drew Brees,42,Jahvid Best,36,2010
Antonio Gates,42,Steve Smith,36,2010
Cedric Benson,41,Tony Romo,36.3,2010
DeSean Jackson,41,Arian Foster,38.2,2010
Vernon Davis,39,Dallas Clark,38.9,2010
Terrell Owens,35,Antonio Gates,42.2,2010
Larry Fitzgerald,34,Michael Crabtree,42.5,2010
Marcedes Lewis,34,Jermichael Finley,42.6,2010
Josh Freeman,33,Matt Forte,43.3,2010
Mario Manningham,31,Chad Johnson,46,2010
Santana Moss,30,Joseph Addai,46.2,2010
Matt Ryan,27,Dwayne Bowe,46.8,2010
Marques Colston,27,Philip Rivers,47.9,2010
LaDainian Tomlinson,26,Beanie Wells,50.6,2010
Knowshon Moreno,25,Vernon Davis,52.1,2010
Mike Tolbert,25,Jonathan Stewart,53,2010
Frank Gore,22,Hakeem Nicks,54.1,2010
Matt Schaub,20,Knowshon Moreno,54.4,2010
Rob Gronkowski,18,Ronnie Brown,54.6,2010
Percy Harvin,18,Jason Witten,55,2010
Fred Jackson,18,Mike Sims-Walker,56,2010
Braylon Edwards,17,C.J. Spiller,56.4,2010
Kenny Britt,16,Percy Harvin,56.8,2010
Eli Manning,10,Hines Ward,56.8,2010
Wes Welker,9,Pierre Garcon,58.8,2010
,,,,
,,,,
,,,,
,,,,
,,,,
,,,,
,,,,
,,,,
,,,,
,,,,
